SR. NO ,Symbol,COMPANY NAME ,ISIN ,ESM STAGE
1,GVPTECH,Gvp Infotech Limited,INE382T01030,ESM - I (34)
2,AKI,Aki India Limited,INE642Z01026,ESM - II (35)
3,ASMS,Bartronics India Limited,INE855F01042,ESM - II (35)
4,BINANIIND,Binani Industries Limited,INE071A01013,ESM I & GSM 0 (36)
5,DCI,Dc Infotech And Communication Limited,INE0A1101019,ESM - II (35)
6,FCONSUMER,Future Consumer Limited,INE220J01025,ESM - I (34)
7,TPHQ,Teamo Productions HQ Limited,INE065J01016,ESM - I (34)
8,GOYALALUM,Goyal Aluminiums Limited,INE705X01026,ESM - II (35)
9,IMPEXFERRO,Impex Ferro Tech Limited,INE691G01015,ESM - I (34)
10,INDOTECH,Indo Tech Transformers Limited,INE332H01014,ESM - II (35)
11,IZMO,Izmo Limited,INE848A01014,ESM - I (34)
12,KRIDHANINF,Kridhan Infra Limited,INE524L01026,ESM I & GSM 0 (36)
13,KRITIKA,Kritika Wires Limited,INE00Z501029,ESM - II (35)
14,KSHITIJPOL,Kshitij Polyline Limited,INE013801027,ESM - I (34)
15,LAL,Lorenzini Apparels Limited,INE740X01015,ESM - I (34)
16,GATECHDVR,GACM Technologies Limited,INE224E01036,ESM - II (35)
17,SOMATEX,Soma Textiles & Industries Limited,INE314C01013,ESM - I (34)
18,SPMLINFRA,Spml Infra Limited,INE937A01023,ESM - II (35)
19,SUULD,Suumaya Industries Limited,INE591Q01016,ESM - II (35)
20,SVPGLOB,Svp Global Textiles Limited,INE308E01029,ESM - I (34)
21,TARAPUR,Tarapur Transformers Limited,INE747K01017,ESM II & GSM 0 (37)
22,VARDMNPOLY,Vardhman Polytex Limited,INE835A01011,ESM - II (35)
23,VINNY,Vinny Overseas Limited,INE01KI01027,ESM - I (34)
24,WSI,W S Industries (I) Limited,INE100D01014,ESM - I (34)
25,GEEKAYWIRE,Geekay Wires Limited,INE669X01016,ESM - II (35)
26,KILITCH,Kilitch Drugs (India) Limited,INE729D01010,ESM - I (34)
27,CEREBRAINT,Cerebra Integrated Technologies Limited,INE345B01019,ESM - I (34)
28,GODHA,Godha Cabcon & Insulation Limited,INE925Y01036,ESM - I (34)
29,HYBRIDFIN,Hybrid Financial Services Limited,INE965B01022,ESM - I (34)
30,IEL,Indiabulls Enterprises Limited,INE059901020,ESM - I (34)
31,PRAXIS,Praxis Home Retail Limited,INE546Y01022,ESM II & GSM 0 (37)
32,RAJMET,Rajnandini Metal Limited,INE00KV01022,ESM - I (34)
33,SADBHAV,Sadbhav Engineering Limited,INE226H01026,ESM - II (35)
34,SADBHIN,Sadbhav Infrastructure Project Limited,INE764L01010,ESM II & GSM 0 (37)
35,SETCO,Setco Automotive Limited,INE878E01021,ESM - II (35)
36,SITINET,Siti Networks Limited,INE965H01011,ESM - I (34)
37,TIRUPATIFL,Tirupati Forge Limited,INE319Y01024,ESM - I (34)
38,ZEELEARN,Zee Learn Limited,INE565L01011,ESM - II (35)
39,PARASPETRO,Paras Petrofils Limited,INE162C01024,ESM - II (35)
40,ARSHIYA,Arshiya Limited,INE968D01022,ESM - I (34)
41,ESSENTIA,Integra Essentia Limited,INE418N01035,ESM - I (34)
42,NDLVENTURE,Ndl Ventures Limited,INE353A01023,ESM - I (34)
43,REGENCERAM,Regency Ceramics Limited,INE277C01012,ESM II & GSM 0 (37)
44,BCONCEPTS,Brand Concepts Limited,INE977Y01011,ESM - II (35)
45,WALCHANNAG,Walchandnagar Industries Limited,INE711A01022,ESM - II (35)
46,SUPREMEINF,Supreme Infrastructure India Limited,INE550H01011,ESM - II (35)
47,GANGAFORGE,Ganga Forging Limited,INE691Z01023,ESM - II (35)
48,WANBURY,Wanbury Limited,INE107F01022,ESM - II (35)
49,MASKINVEST,Mask Investments Limited,INE885F01015,ESM I & GSM 0 (36)
50,SABEVENTS,Sab Events & Governance Now Media Limited,INE860T01019,ESM II & GSM 0 (37)
51,SHREYANIND,Shreyans Industries Limited,INE231C01019,ESM - II (35)
52,RSSOFTWARE,R. S. Software (India) Limited,INE165B01029,ESM - II (35)
53,JYOTISTRUC,Jyoti Structures Limited,INE197A01024,ESM - I (34)
54,AMBICAAGAR,Ambica Agarbathies & Aroma Industries Limited,INE792B01012,ESM - II (35)
55,ESSARSHPNG,Essar Shipping Limited,INE122M01019,ESM - II (35)
56,EXCEL,Excel Realty N Infra Limited,INE688J01023,ESM - II (35)
57,NDRAUTO,Ndr Auto Components Limited,INE07OG01012,ESM - I (34)
58,GTECJAINX,G-TEC Jainx Education Limited,INE586X01012,ESM - II (35)
59,OILCOUNTUB,Oil Country Tubular Limited,INE591A01010,ESM - II (35)
60,THOMASCOTT,Thomas Scott (India) Limited,INE480M01011,ESM - II (35)
61,INDSWFTLTD,Ind-Swift Limited,INE788B01028,ESM - I (34)
62,ROLLT,Rollatainers Limited,INE927A01040,ESM - II (35)
63,BLUECHIP,Blue Chip India Limited,INE657B01025,ESM II & GSM 0 (37)
64,20MICRONS,20 Microns Limited,INE144J01027,ESM - II (35)
65,GPTINFRA,GPT Infraprojects Limited,INE390G01014,ESM - II (35)
66,S&SPOWER,S&S Power Switchgears Limited,INE902B01017,ESM - I (34)
67,SGIL,Synergy Green Industries Limited,INE00QT01015,ESM - II (35)
68,V2RETAIL,V2 Retail Limited,INE945H01013,ESM - II (35)
69,WINDMACHIN,Windsor Machines Limited,INE052A01021,ESM - I (34)
70,SHREERAMA,Shree Rama Multi-Tech Limited,INE879A01019,ESM - II (35)
71,PIGL,Power & Instrumentation (Gujarat) Limited,INE557Z01018,ESM - II (35)
72,SRPL,Shree Ram Proteins Limited,INE008Z01020,ESM - I (34)
73,ACCURACY,Accuracy Shipping Limited,INE648Z01023,ESM - I (34)
74,ICDSLTD,ICDS Limited,INE613B01010,ESM - I (34)
75,SELMC,SEL Manufacturing Company Limited,INE105I01020,ESM - I (34)
76,SEMAC,SEMAC CONSULTANTS LIMITED,INE617A01013,ESM - II (35)
77,SEYAIND,Seya Industries Limited,INE573R01012,ESM - II (35)
78,GOLDTECH,Goldstone Technologies Limited,INE805A01014,ESM - II (35)
79,EUROTEXIND,Eurotex Industries and Exports Limited,INE022C01012,ESM II & GSM 0 (37)
80,BOHRAIND,Bohra Industries Limited,INE802W01023,ESM - I (34)
81,LEXUS,Lexus Granito (India) Limited,INE500X01013,ESM - I (34)
82,SPENTEX,Spentex Industries Ltd,INE376C01020,ESM II & GSM 0 (37)
83,MIRCELECTR,MIRC Electronics Limited,INE831A01028,ESM - II (35)
84,WEWIN,We Win Limited,INE082W01014,ESM - I (34)
85,NIPPOBATRY,Indo-National Limited,INE567A01028,ESM - II (35)
86,RPPINFRA,R.P.P. Infra Projects Limited,INE324L01013,ESM - I (34)
87,TIL,TIL Limited,INE806C01018,ESM - II (35)
88,E2E,E2E Networks Limited,INE255Z01019,ESM - II (35)
89,JETAIRWAYS,Jet Airways (India) Limited,INE802G01018,ESM - II (35)
90,KRITINUT,Kriti Nutrients Limited,INE798K01010,ESM - II (35)
91,TIPSFILMS,Tips Films Limited,INE0LQS01015,ESM - I (34)
92,MSPL,MSP Steel & Power Limited,INE752G01015,ESM - II (35)
93,REMSONSIND,Remsons Industries Limited,INE474C01015,ESM - I (34)
94,MODISONLTD,MODISON LIMITED,INE737D01021,ESM - I (34)
95,KHAITANLTD,Khaitan (India) Limited,INE731C01018,ESM - I (34)
96,KARMAENG,Karma Energy Limited,INE725L01011,ESM - I (34)
97,SALSTEEL,S.A.L. Steel Limited,INE658G01014,ESM - I (34)
98,STEL,Stel Holdings Limited,INE577L01016,ESM - I (34)
99,NITIRAJ,Nitiraj Engineers Limited,INE439T01012,ESM - II (35)
100,AVONMORE,Avonmore Capital & Management Services Limited,INE323B01016,ESM - I (34)
101,BROOKS,Brooks Laboratories Limited,INE650L01011,ESM - II (35)
102,IL&FSENGG,IL&FS Engineering and Construction Company Limited,INE369I01014,ESM - II (35)
103,AIROLAM,Airo Lam limited,INE801L01010,ESM - I (34)
104,SARVESHWAR,SARVESHWAR FOODS LIMITED,INE324X01026,ESM - I (34)
105,MOTOGENFIN,The Motor & General Finance Limited,INE861B01023,ESM - I (34)
106,ELECTHERM,Electrotherm (India) Limited,INE822G01016,ESM - II (35)
107,SUPREMEENG,Supreme Engineering Limited,INE319Z01021,ESM II & GSM 0 (37)
108,GAYAHWS,Gayatri Highways Limited,INE287Z01012,ESM I & GSM 0 (36)
109,OMINFRAL,Om Infra Limited,INE239D01028,ESM - II (35)
110,YAARI,Yaari Digital Integrated Services Limited#,INE126M01010,ESM I & GSM 0 (36)
111,HISARMETAL,Hisar Metal Industries Limited,INE598C01011,ESM - I (34)
112,PANACHE,Panache Digilife Limited,INE895W01019,ESM - I (34)
113,TECHIN,Techindia Nirman Limited,INE778A01021,ESM - II (35)
114,TREJHARA,Trejhara Solutions Limited,INE00CA01015,ESM - II (35)
115,ONEPOINT,One Point One Solutions Limited,INE840Y01029,ESM - II (35)
116,AAREYDRUGS,Aarey Drugs & Pharmaceuticals Limited,INE198H01019,ESM - I (34)
117,JISLDVREQS,Jain Irrigation Systems Limited,IN9175A01010,ESM - I (34)
118,HINDCON,Hindcon Chemicals Limited,INE642Y01011,ESM - I (34)
119,SAMBHAAV,Sambhaav Media Limited,INE699B01027,ESM - I (34)
120,NIRAJ,Niraj Cement Structurals Limited,INE368I01016,ESM - I (34)
121,PRITIKAUTO,Pritika Auto Industries Limited,INE583R01029,ESM - I (34)
122,PATINTLOG,Patel Integrated Logistics Limited,INE529D01014,ESM - I (34)
123,ANTGRAPHIC,Antarctica Limited,INE414B01021,ESM I & GSM 0 (36)
124,RHFL,Reliance Home Finance Limited,INE217K01011,ESM - II (35)
125,SUNDRMBRAK,Sundaram Brake Linings Limited,INE073D01013,ESM - II (35)
126,RMCL,Radha Madhav Corporation Limited,INE172H01014,ESM I & GSM 0 (36)
127,AGRITECH,AGRI-TECH (INDIA) LIMITED,INE449G01018,ESM - I (34)
128,SIMPLEXINF,SIMPLEX INFRASTRUCTURES LIMITED,INE059B01024,ESM - II (35)
129,PRAKASHSTL,Prakash Steelage Limited,INE696K01024,ESM - II (35)
130,BAGFILMS,B.A.G Films And Media Limited,INE116D01028,ESM - II (35)
131,UFO,UFO Moviez India Limited,INE527H01019,ESM - I (34)
132,KOTARISUG,Kothari Sugars And Chemicals Limited,INE419A01022,ESM - I (34)
133,MEGASOFT,Megasoft Limited,INE933B01012,ESM - I (34)
134,PANSARI,Pansari Developers Limited,INE697V01011,ESM - I (34)
135,FLEXITUFF,Flexituff Ventures International Limited,INE060J01017,ESM - II (35)
136,CINELINE,Cineline India Limited,INE704H01022,ESM - I (34)
137,VIJIFIN,Viji Finance Limited,INE159N01027,ESM I & GSM 0 (36)
138,CCHHL,Country Club Hospitality & Holidays Limited,INE652F01027,ESM - I (34)
139,AUTOIND,Autoline Industries Limited,INE718H01014,ESM - II (35)
140,RKDL,Ravi Kumar Distilleries Limited,INE722J01012,ESM - II (35)
141,RVHL,RAVINDER HEIGHTS LIMITED,INE09E501017,ESM - I (34)
142,A2ZINFRA,A2Z INFRA ENGINEERING LIMITED,INE619I01012,ESM - I (34)
143,BHANDARI,BHANDARI HOSIERY EXPORTS LIMITED,INE474E01029,ESM - I (34)
144,JBFIND,JBF INDUSTRIES LTD,INE187A01017,ESM I & GSM 0 (36)
145,WEL,Wonder Electricals Limited,INE02WG01016,ESM - I (34)
146,DIL,Debock Industries Limited,INE411Y01011,ESM - I (34)
147,KALYANIFRG,Kalyani Forge Limited,INE314G01014,ESM - I (34)
148,MANUGRAPH,Manugraph India Limited,INE867A01022,ESM - I (34)
149,HPIL,Hindprakash Industries Limited,INE05X901010,ESM - I (34)
150,RAJSREESUG,Rajshree Sugars & Chemicals Limited,INE562B01019,ESM - I (34)
151,FMNL,Future Market Networks Limited,INE360L01017,ESM - I (34)
152,DOLPHIN,Dolphin Offshore Enterprises (India) Limited,INE920A01029,ESM - II (35)
153,DELTAMAGNT,Delta Manufacturing Limited,INE393A01011,ESM - I (34)
154,CENTEXT,Century Extrusions Limited,INE281A01026,ESM - I (34)
155,CYBERMEDIA,Cyber Media (India) Limited,INE278G01037,ESM - I (34)
156,BHAGYANGR,Bhagyanagar India Limited,INE458B01036,ESM - II (35)
157,UMESLTD,Usha Martin Education & Solutions Limited,INE240C01028,ESM II & GSM 0 (37)
158,GTL,GTL Limited,INE043A01012,ESM - I (34)
159,AARTECH,Aartech Solonics Limited,INE01C001018,ESM - I (34)
160,MANAKCOAT,Manaksia Coated Metals & Industries Limited,INE830Q01018,ESM - I (34)
161,SHIVAMAUTO,Shivam Autotech Limited,INE637H01024,ESM - I (34)
162,NILAINFRA,Nila Infrastructures Limited,INE937C01029,ESM - I (34)
163,VISESHINFO,Visesh Infotecnics Limited,INE861A01058,ESM - I (34)
164,ATALREAL,Atal Realtech Limited,INE0ALR01011,ESM - I (34)
165,VIKASECO,Vikas EcoTech Limited,INE806A01020,ESM - I (34)
166,ANKITMETAL,Ankit Metal & Power Limited,INE106I01010,ESM - I (34)
167,TECILCHEM,TECIL Chemicals and Hydro Power Limited,INE014B01011,ESM I & GSM 0 (36)
168,LCCINFOTEC,LCC Infotech Limited,INE938A01021,ESM - I (34)
169,ELGIRUBCO,Elgi Rubber Company Limited,INE819L01012,ESM - I (34)
170,INDBANK,Indbank Merchant Banking Services Limited,INE841B01017,ESM - I (34)
171,NORBTEAEXP,Norben Tea & Exports Limited,INE369C01017,ESM - II (35)
172,MOKSH,Moksh Ornaments Limited,INE514Y01020,ESM - I (34)
173,TVVISION,TV Vision Limited,INE871L01013,ESM II & GSM 0 (37)
174,SHAHALLOYS,Shah Alloys Limited,INE640C01011,ESM - II (35)
175,SUNDARAM,Sundaram Multi Pap Limited,INE108E01023,ESM - I (34)
176,ARENTERP,Rajdarshan Industries Limited,INE610C01014,ESM - I (34)
177,SGL,Stl Global Limited,INE353H01010,ESM - I (34)
178,VASWANI,VASWANI INDUSTRIES LIMITED,INE590L01019,ESM - I (34)
179,AKSHOPTFBR,AKSH OPTIFIBRE LIMITED,INE523B01011,ESM - I (34)
180,SAKUMA,SAKUMA EXPORTS LIMITED,INE190H01024,ESM - I (34)
181,AIRAN,Airan Limited,INE645W01026,ESM - I (34)
182,BEDMUTHA,Bedmutha Industries Limited,INE844K01012,ESM - II (35)
183,GLOBE,Globe Textiles (India) Limited,INE581X01021,ESM - I (34)
184,ASTRON,Astron Paper & Board Mill Limited,INE646X01014,ESM - I (34)
185,RUCHINFRA,Ruchi Infrastructure Limited,INE413B01023,ESM - II (35)
186,PARSVNATH,Parsvnath Developers Limited,INE561H01026,ESM - I (34)
187,DIACABS,Diamond Power Infrastructure Limited,INE989C01020,ESM - II (35)
188,KAUSHALYA,Kaushalya Infrastructure Development Corporation Limited,INE234I01010,ESM - II (35)
189,SOFTTECH,Softtech Engineers Limited,INE728Z01015,ESM - I (34)
190,BAIDFIN,Baid Finserv Limited,INE020D01022,ESM - I (34)
191,IL&FSTRANS,IL&FS Transportation Networks Limited,INE975G01012,ESM I & GSM 0 (36)
192,AROGRANITE,ARO GRANITE INDUSTRIES LIMITED,INE210C01013,ESM - I (34)
193,KCPSUGIND,KCP SUGAR AND INDUSTRIES CORPORATION LIMITED,INE790B01024,ESM - II (35)
194,MUKTAARTS,Mukta Arts Limited,INE374B01019,ESM - I (34)
195,NKIND,NK Industries Limited,INE542C01019,ESM II & GSM 0 (37)
196,INCREDIBLE,Incredible Industries Limited,INE452L01012,ESM - I (34)
197,UNIINFO,Uniinfo Telecom Services Limited,INE481Z01011,ESM - I (34)
198,PVP,PVP Ventures Limited,INE362A01016,ESM - I (34)
199,DCMFINSERV,DCM Financial Services Limited,INE891B01012,ESM I & GSM 0 (36)
200,DNAMEDIA,Diligent Media Corporation Limited,INE016M01021,ESM - I (34)
201,PIONEEREMB,Pioneer Embroideries Limited,INE156C01018,ESM - I (34)
202,INDOWIND,Indowind Energy Limited,INE227G01018,ESM - II (35)
203,AUSOMENT,Ausom Enterprise Limited,INE218C01016,ESM - I (34)
204,SUPERSPIN,Super Spinning Mills Limited,INE662A01027,ESM - I (34)
205,LPDC,Landmark Property Development Company Limited,INE197J01017,ESM - I (34)
206,ADROITINFO,Adroit Infotech Limited,INE737B01033,ESM - I (34)
207,KEYFINSERV,Keynote Financial Services Limited,INE681C01015,ESM - I (34)
208,ZENITHSTL,Zenith Steel Pipes & Industries Limited,INE318D01020,ESM - I (34)
209,SIGIND,Signet Industries Limited,INE529F01035,ESM - I (34)
210,GULFPETRO,GP Petroleums Limited,INE586G01017,ESM - I (34)
211,CINEVISTA,Cinevista Limited,INE039B01026,ESM - I (34)
212,PRAENG,Prajay Engineers Syndicate Limited,INE505C01016,ESM - I (34)
213,BPL,BPL LIMITED,INE110A01019,ESM - I (34)
214,ABAN,ABAN OFFSHORE LIMITED,INE421A01028,ESM - I (34)
215,DBSTOCKBRO,DB (INTERNATIONAL) STOCK BROKERS LIMITED,INE921B01025,ESM - I (34)
216,SONAMCLOCK,Sonam Clock Limited,INE00LM01011,ESM - I (34)
217,NEXTMEDIA,Next Mediaworks Limited,INE747B01016,ESM I & GSM 0 (36)
218,MACPOWER,Macpower CNC Machines Limited,INE155Z01011,ESM - I (34)
219,SICALLOG,Sical Logistics Limited,INE075B01020,ESM - I (34)
220,PREMIERPOL,Premier Polyfilm Limited,INE309M01012,ESM - I (34)
221,MURUDCERA,Murudeshwar Ceramics Limited,INE692B01014,ESM - I (34)
222,CELEBRITY,Celebrity Fashions Limited,INE185H01016,ESM - I (34)
223,SOMICONVEY,Somi Conveyor Beltings Limited,INE323J01019,ESM - I (34)
