Symbol,Name,Latest,Change,%Change,High,Low,Volume,Time
AAPL,"Apple Inc",283.78,8.63,+3.14%,285.95,274.21,261775406,2026-06-26
ABBV,"Abbvie Inc",253.35,10.21,+4.20%,253.35,244.66,52635000,2026-06-26
ABT,"Abbott Laboratories",94.12,0.88000000000001,+0.94%,95.21,93.21,16465100,2026-06-26
ACN,"Accenture Plc",128.98,3.16,+2.51%,129.2499,125.71,14148700,2026-06-26
ADBE,"Adobe Systems Inc",202.73,9.32,+4.82%,203.48,195.29,9172000,2026-06-26
AMAT,"Applied Materials",626.84,-41.16,-6.16%,660.19,622,28138602,2026-06-26
AMD,"Adv Micro Devices",521.58,-10.99,-2.06%,525.11,502.61,52705102,2026-06-26
AMGN,"Amgen Inc",358.33,5.51,+1.56%,362.27,354.16,3610500,2026-06-26
AMT,"American Tower Corp",175.59,6.87,+4.07%,176.605,171.14,7260700,2026-06-26
AMZN,"Amazon.com Inc",232.69,5.68,+2.50%,233.9,226.13,248372094,2026-06-26
AVGO,"Broadcom Ltd",365.02,-13.89,-3.67%,373.69,363.83,34839199,2026-06-26
AXP,"American Express Company",340.36,-2.1,-0.61%,344.01,338.32,5899700,2026-06-26
BA,"Boeing Company",217.25,-0.87,-0.40%,222.5799,215.36,11704400,2026-06-26
BAC,"Bank of America Corp",57.88,-0.31,-0.53%,58.6299,57.44,48757600,2026-06-26
BKNG,"Booking Holdings",181.46,4.41,+2.49%,183.29,176.92,12746699,2026-06-26
BLK,"Blackrock Inc",964.71,-7.21,-0.74%,984.01,962.68,1507100,2026-06-26
BMY,"Bristol-Myers Squibb Company",57.52,2.13,+3.85%,57.74,55.4,24000900,2026-06-26
BNY,"Bank of New York Mellon Corp",143.56,-1.87,-1.29%,146.25,141.78,15860500,2026-06-26
BRK.B,"Berkshire Hathaway Cl B",498.66,10.85,+2.22%,498.66,489.2801,7250700,2026-06-26
C,"Citigroup Inc",141.76,-3.22,-2.22%,145.095,140.76,17927100,2026-06-26
CAT,"Caterpillar Inc",997.47,-59.54,-5.63%,1031.85,989.64,13948400,2026-06-26
CL,"Colgate-Palmolive Company",92.07,1.01,+1.11%,92.32,90.56,8777200,2026-06-26
CMCSA,"Comcast Corp A",23.17,0.48,+2.12%,23.23,22.7,42040301,2026-06-26
COF,"Capital One Financial",204,-0.9,-0.44%,207.08,202.55,5143800,2026-06-26
COP,Conocophillips,105.96,-0.45,-0.42%,106.8,104.64,11265200,2026-06-26
COST,"Costco Wholesale",952.54,10.3,+1.09%,961.64,943,8239101,2026-06-26
CRM,"Salesforce Inc",158.37,8.18,+5.45%,158.46,151.49,21267900,2026-06-26
CSCO,"Cisco Systems Inc",113.77,-5.2,-4.37%,117.18,112.86,51641297,2026-06-26
CVS,"CVS Corp",104.34,-0.32,-0.31%,106.15,103.55,9690800,2026-06-26
CVX,"Chevron Corp",171.06,-1.18,-0.69%,172.25,169.93,13102100,2026-06-26
DE,"Deere & Company",613.24,-17.52,-2.78%,630.05,612.16,2319700,2026-06-26
DHR,"Danaher Corp",196.19,3.38,+1.75%,196.19,192.29,6090400,2026-06-26
DIS,"Walt Disney Company",98.79,0.74000000000001,+0.75%,99.45,97.9,13921300,2026-06-26
DUK,"Duke Energy Corp",128.4,1.29,+1.01%,128.48,127.5,4450300,2026-06-26
EMR,"Emerson Electric Company",143.49,-1.85,-1.27%,144.84,141.79,5831700,2026-06-26
FDX,"Fedex Corp",318.53,-10.91,-3.31%,327.62,316.12,3422700,2026-06-26
GD,"General Dynamics Corp",346.71,2.01,+0.58%,350.58,344.35,1783400,2026-06-26
GE,"GE Aerospace",369,-2.36,-0.64%,371.44,363.82,8361100,2026-06-26
GEV,"GE Vernova Inc",1045.17,-40.3,-3.71%,1084.401,1042,3654200,2026-06-26
GILD,"Gilead Sciences Inc",127.88,4.04,+3.26%,128.7,125,19908500,2026-06-26
GM,"General Motors Company",78.1,-0.43,-0.55%,79.5,77.805,12592000,2026-06-26
GOOG,"Alphabet Cl C",334.69,-7.5,-2.19%,344.12,333.69,82484492,2026-06-26
GOOGL,"Alphabet Cl A",337.39,-6.32,-1.84%,346.36,330.2,114706313,2026-06-26
GS,"Goldman Sachs Group",1019.61,-45.48,-4.27%,1057,1013.384,4008500,2026-06-26
HD,"Home Depot",348.86,3.86,+1.12%,350.5,345.85,7771700,2026-06-26
HON,"Honeywell International",232.21,0.97,+0.42%,233.66,226.29,17878900,2026-06-26
IBM,"Intl Business Machines",271.63,13.36,+5.17%,273.135,258.28,9719900,2026-06-26
INTC,"Intel Corp",128.32,-4.55,-3.42%,131.23,125.5,99475289,2026-06-26
INTU,"Intuit Inc",267.72,12.65,+4.96%,271.11,259.38,10779200,2026-06-26
ISRG,"Intuitive Surg Inc",404.7,5.01,+1.25%,409.78,399.29,3413500,2026-06-26
JNJ,"Johnson & Johnson",254.66,9.78,+3.99%,255.11,247.87,16316700,2026-06-26
JPM,"JP Morgan Chase & Company",329.05,-6.07,-1.81%,336.4,327.5,17640900,2026-06-26
KO,"Coca-Cola Company",82.63,2.21,+2.75%,82.81,80.695,53357400,2026-06-26
LIN,"Linde Plc",519.62,-2.66,-0.51%,525,518.35,3318600,2026-06-26
LLY,"Eli Lilly and Company",1208.12,80.4301,+7.13%,1215.76,1128,7725800,2026-06-26
LMT,"Lockheed Martin Corp",507.4,2.38,+0.47%,518.24,503.9,3672300,2026-06-26
LOW,"Lowe's Companies",222.48,0.54999999999998,+0.25%,224.2599,220.98,3337800,2026-06-26
LRCX,"Lam Research Corp",379.09,-22.73,-5.66%,389.88,374.31,19733699,2026-06-26
MA,"Mastercard Inc",499.02,10.1,+2.07%,504.36,488.58,9200900,2026-06-26
MCD,"McDonald's Corp",269.76,5.22,+1.97%,270.79,264.55,7422800,2026-06-26
MDLZ,"Mondelez Intl Inc",60.79,-0.41,-0.67%,61.98,60.43,15230900,2026-06-26
MDT,"Medtronic Inc",80.98,1.18,+1.48%,81.87,79.71,12401000,2026-06-26
META,"META Platforms Inc",550.25,7.38,+1.36%,556.85,540.4,18867701,2026-06-26
MMM,"3M Company",164.01,-3.96,-2.36%,167.8,163.37,6334000,2026-06-26
MO,"Altria Group",73.79,0.58000000000001,+0.79%,73.92,72.85,15697700,2026-06-26
MRK,"Merck & Company",128.66,3.21,+2.56%,128.78,125.83,18891500,2026-06-26
MS,"Morgan Stanley",212.03,-9.01,-4.08%,219.75,211.36,9919100,2026-06-26
MSFT,"Microsoft Corp",372.97,20.14,+5.71%,376.61,355.43,186201594,2026-06-26
MU,"Micron Technology",1132.33,-81.23,-6.69%,1198.71,1121.36,86405297,2026-06-26
NEE,"Nextera Energy",88.56,0.86,+0.98%,88.56,87.65,15654100,2026-06-26
NFLX,"Netflix Inc",73.81,2.91,+4.10%,75.2,71.53,74990195,2026-06-26
NKE,"Nike Inc",40.75,-0.15,-0.37%,41.47,40,33970700,2026-06-26
NOW,"Servicenow Inc",98.34,8.82,+9.85%,98.92,90,27314800,2026-06-26
NVDA,"Nvidia Corp",192.53,-3.21,-1.64%,195.55,191.22,179304094,2026-06-26
ORCL,"Oracle Corp",148.53,-3.93,-2.58%,153.54,148,36532100,2026-06-26
PEP,"Pepsico Inc",141.39,1.87,+1.34%,142.14,140.2,9735600,2026-06-26
PFE,"Pfizer Inc",24.29,0.62,+2.62%,24.35,23.74,59958900,2026-06-26
PG,"Procter & Gamble Company",149.02,0.52000000000001,+0.35%,150.88,148.42,16724500,2026-06-26
PLTR,"Palantir Technologies Cl A",112.93,5.66,+5.28%,114.08,108.47,61360500,2026-06-26
PM,"Philip Morris International",180.77,1.84,+1.03%,182.62,179.25,7839300,2026-06-26
QCOM,"Qualcomm Inc",189.39,-15.51,-7.57%,208.86,186.18,37128902,2026-06-26
RTX,"Rtx Corp",187.99,1.4,+0.75%,190.49,186.88,8036300,2026-06-26
SBUX,"Starbucks Corp",104.6,1.44,+1.40%,104.92,102.71,17150799,2026-06-26
SCHW,"The Charles Schwab Corp",90.67,1.23,+1.38%,90.67,87.63,17567400,2026-06-26
SO,"Southern Company",97.16,1.25,+1.30%,97.215,96.1,8925300,2026-06-26
SPG,"Simon Property Group",226.89,1.4,+0.62%,228.575,225.5501,8719600,2026-06-26
T,"AT&T Inc",22.72,0.3,+1.34%,22.72,22.32,85148600,2026-06-26
TMO,"Thermo Fisher Scientific",513.03,7.28,+1.44%,514.8,499.56,4570000,2026-06-26
TMUS,"T-Mobile US",182.68,1.11,+0.61%,184,180.31,7824800,2026-06-26
TSLA,"Tesla Inc",379.71,4.59,+1.22%,387.8,368.6,53434102,2026-06-26
TXN,"Texas Instruments",285.42,-26.39,-8.46%,305,279.55,29822600,2026-06-26
UBER,"UBER Technologies Inc",76.2,3.95,+5.47%,76.39,72.45,64581200,2026-06-26
UNH,"Unitedhealth Group",427.89,12.36,+2.97%,427.93,416.16,10588200,2026-06-26
UNP,"Union Pacific Corp",268.35,0.62,+0.23%,270.775,266.74,4584100,2026-06-26
UPS,"United Parcel Service",108.14,-1.17,-1.07%,109.26,107.52,6288500,2026-06-26
USB,"U.S. Bancorp",60.91,-0.3,-0.49%,61.51,60.35,14686200,2026-06-26
V,"Visa Inc",336.23,5.71,+1.73%,339.72,331.44,16717300,2026-06-26
VZ,"Verizon Communications",46.54,0.47,+1.02%,46.585,46,38132700,2026-06-26
WFC,"Wells Fargo & Company",83.86,-0.88,-1.04%,85.16,83.1,20829200,2026-06-26
WMT,"Walmart Inc",115.69,-0.09,-0.08%,117.88,115.09,36635898,2026-06-26
XOM,"Exxon Mobil Corp",136.54,-1.01,-0.73%,137.58,135.915,22684200,2026-06-26
"Downloaded from Barchart.com as of 06-28-2026 02:21am CDT"
